{"cameraMode":{"drawMode":0,"name":"Shaded","section":"Shading Mode"},"sceneLighting":false,"audioPlay":false,"sceneViewState":{"m_AlwaysRefresh":false,"showFog":true,"showSkybox":false,"showFlares":true,"showImageEffects":true,"showParticleSystems":true,"showVisualEffectGraphs":true,"m_FxEnabled":true},"in2DMode":false,"pivot":{"x":0.09045714139938355,"y":0.030652523040771486,"z":2.3927016258239748},"rotation":{"x":-0.0151973320171237,"y":-0.7005574107170105,"z":0.7132834196090698,"w":-0.014927354641258717},"size":3.7646830081939699,"orthographic":false}