{"cameraMode":{"drawMode":0,"name":"Shaded","section":"Shading Mode"},"sceneLighting":false,"audioPlay":false,"sceneViewState":{"m_AlwaysRefresh":false,"showFog":true,"showSkybox":false,"showFlares":true,"showImageEffects":true,"showParticleSystems":true,"showVisualEffectGraphs":true,"m_FxEnabled":true},"in2DMode":false,"pivot":{"x":-11.375520706176758,"y":2.63266658782959,"z":-0.3809390664100647},"rotation":{"x":-0.0035808426328003408,"y":-0.9906009435653687,"z":0.026465728878974916,"w":-0.13424013555049897},"size":5.116085529327393,"orthographic":false}