{"cameraMode":{"drawMode":0,"name":"Shaded","section":"Shading Mode"},"sceneLighting":false,"audioPlay":false,"sceneViewState":{"m_AlwaysRefresh":false,"showFog":true,"showSkybox":false,"showFlares":true,"showImageEffects":true,"showParticleSystems":true,"showVisualEffectGraphs":true,"m_FxEnabled":true},"in2DMode":false,"pivot":{"x":-0.2121838927268982,"y":0.22024273872375489,"z":-0.2879840135574341},"rotation":{"x":0.0003724053967744112,"y":-0.9505211114883423,"z":0.31067201495170596,"w":0.001136811450123787},"size":3.8753628730773927,"orthographic":true}