{"cameraMode":{"drawMode":0,"name":"Shaded","section":"Shading Mode"},"sceneLighting":false,"audioPlay":false,"sceneViewState":{"m_AlwaysRefresh":false,"showFog":true,"showSkybox":false,"showFlares":true,"showImageEffects":true,"showParticleSystems":true,"showVisualEffectGraphs":true,"m_FxEnabled":true},"in2DMode":false,"pivot":{"x":3.7627439498901369,"y":2.5489869117736818,"z":4.375258922576904},"rotation":{"x":0.040495891124010089,"y":-0.012578061781823635,"z":0.0005012608016841114,"w":0.9991112947463989},"size":1.2094870805740357,"orthographic":false}