{"cameraMode":{"drawMode":0,"name":"Shaded","section":"Shading Mode"},"sceneLighting":false,"audioPlay":false,"sceneViewState":{"m_AlwaysRefresh":false,"showFog":true,"showSkybox":false,"showFlares":true,"showImageEffects":true,"showParticleSystems":true,"showVisualEffectGraphs":true,"m_FxEnabled":true},"in2DMode":false,"pivot":{"x":1.1920928955078126e-7,"y":-0.10013914108276367,"z":1.69005286693573},"rotation":{"x":-0.11256694793701172,"y":0.008045513182878495,"z":-0.0009114857530221343,"w":-0.9936122298240662},"size":1.9058140516281129,"orthographic":false}