{"cameraMode":{"drawMode":0,"name":"Shaded","section":"Shading Mode"},"sceneLighting":true,"audioPlay":false,"sceneViewState":{"m_AlwaysRefresh":false,"showFog":true,"showSkybox":true,"showFlares":true,"showImageEffects":true,"showParticleSystems":true,"showVisualEffectGraphs":true,"m_FxEnabled":true},"in2DMode":false,"pivot":{"x":-3.382314920425415,"y":24.957382202148439,"z":-26.54974365234375},"rotation":{"x":-0.13782137632369996,"y":-0.026147546246647836,"z":0.003639696631580591,"w":-0.9901068210601807},"size":22.741676330566408,"orthographic":false}