{"cameraMode":{"drawMode":0,"name":"Shaded","section":"Shading Mode"},"sceneLighting":false,"audioPlay":false,"sceneViewState":{"m_AlwaysRefresh":false,"showFog":true,"showSkybox":false,"showFlares":true,"showImageEffects":true,"showParticleSystems":true,"showVisualEffectGraphs":true,"m_FxEnabled":true},"in2DMode":false,"pivot":{"x":-12.380000114440918,"y":0.9656925201416016,"z":2.273071050643921},"rotation":{"x":-0.0151973320171237,"y":-0.7005574107170105,"z":0.7132834196090698,"w":-0.014927354641258717},"size":13.647019386291504,"orthographic":true}