{"cameraMode":{"drawMode":0,"name":"Shaded","section":"Shading Mode"},"sceneLighting":true,"audioPlay":false,"sceneViewState":{"m_AlwaysRefresh":false,"showFog":true,"showSkybox":true,"showFlares":true,"showImageEffects":true,"showParticleSystems":true,"showVisualEffectGraphs":true,"m_FxEnabled":true},"in2DMode":false,"pivot":{"x":459.7655334472656,"y":460.63787841796877,"z":-35.410736083984378},"rotation":{"x":-0.1184561625123024,"y":-0.035146329551935199,"z":0.00419536791741848,"w":-0.9923290610313416},"size":797.9803466796875,"orthographic":true}