{"cameraMode":{"drawMode":0,"name":"Shaded","section":"Shading Mode"},"sceneLighting":false,"audioPlay":false,"sceneViewState":{"m_AlwaysRefresh":false,"showFog":true,"showSkybox":false,"showFlares":true,"showImageEffects":true,"showParticleSystems":true,"showVisualEffectGraphs":true,"m_FxEnabled":true},"in2DMode":false,"pivot":{"x":-0.03174824267625809,"y":-0.21137917041778565,"z":2.9597177505493166},"rotation":{"x":0.010635893791913987,"y":0.9516111612319946,"z":-0.30535173416137698,"w":0.03312363103032112},"size":5.209171772003174,"orthographic":true}