{"cameraMode":{"drawMode":0,"name":"Shaded","section":"Shading Mode"},"sceneLighting":false,"audioPlay":false,"sceneViewState":{"m_AlwaysRefresh":false,"showFog":true,"showSkybox":false,"showFlares":true,"showImageEffects":true,"showParticleSystems":true,"showVisualEffectGraphs":true,"m_FxEnabled":true},"in2DMode":false,"pivot":{"x":-7.51071310043335,"y":1.2966859340667725,"z":-3.1478610038757326},"rotation":{"x":-0.11256694793701172,"y":0.008045513182878495,"z":-0.0009114857530221343,"w":-0.9936122298240662},"size":0.7016481161117554,"orthographic":false}