{"cameraMode":{"drawMode":0,"name":"Shaded","section":"Shading Mode"},"sceneLighting":false,"audioPlay":false,"sceneViewState":{"m_AlwaysRefresh":false,"showFog":true,"showSkybox":false,"showFlares":true,"showImageEffects":true,"showParticleSystems":true,"showVisualEffectGraphs":true,"m_FxEnabled":true},"in2DMode":false,"pivot":{"x":1.5026562213897706,"y":1.2054963111877442,"z":8.197076797485352},"rotation":{"x":-0.08684899657964707,"y":-0.6089406609535217,"z":0.06732483208179474,"w":-0.7855768203735352},"size":11.747262954711914,"orthographic":false}